km;tarifa
1;9636.69
2;9636.69
3;9636.69
4;9636.69
5;9636.69
6;9636.69
7;9636.69
8;9636.69
9;9636.69
10;9636.69
11;9864.21
12;10096.66
13;10329.16
14;10566.63
15;10811.60
16;11061.60
17;11311.55
18;11571.56
19;11836.54
20;12103.99
21;12331.51
22;12561.44
23;12801.43
24;13038.91
25;13286.39
26;13541.37
27;13798.86
28;14063.85
29;14336.33
30;14616.30
31;14783.77
32;14953.75
33;15123.74
34;15296.24
35;15471.20
36;15646.22
37;15818.72
38;15996.20
39;16173.67
40;16356.13
41;16536.12
42;16716.12
43;16901.09
44;17083.60
45;17271.08
46;17458.57
47;17648.57
48;17838.52
49;18031.04
50;18223.50
51;18375.99
52;18528.47
53;18683.47
54;18838.47
55;18995.93
56;19150.93
57;19308.39
58;19465.90
59;19625.88
60;19785.85
61;19948.35
62;20110.84
63;20273.33
64;20433.31
65;20600.83
66;20765.78
67;20933.25
68;21098.26
69;21270.76
70;21438.23
71;21610.73
72;21780.72
73;21955.68
74;22130.70
75;22308.17
76;22483.14
77;22663.13
78;22840.61
79;23025.63
80;23205.57
81;23390.60
82;23575.57
83;23763.05
84;23950.54
85;24140.49
86;24333.01
87;24525.47
88;24717.99
89;24915.43
90;25112.93
91;25312.94
92;25515.41
93;25717.88
94;25922.87
95;26127.86
96;26335.31
97;26547.84
98;26760.33
99;26975.27
100;27192.78
101;27320.27
102;27452.73
103;27585.26
104;27715.20
105;27845.21
106;27977.67
107;28107.68
108;28240.20
109;28372.67
110;28507.65
111;28637.65
112;28770.12
113;28905.10
114;29035.10
115;29170.09
116;29302.61
117;29437.59
118;29572.57
119;29705.03
120;29837.56
121;29972.54
122;30107.52
123;30242.50
124;30377.48
125;30514.98
126;30649.96
127;30784.94
128;30922.44
129;31057.42
130;31194.92
131;31332.42
132;31467.40
133;31604.90
134;31742.39
135;31879.89
136;32019.85
137;32157.35
138;32294.84
139;32434.86
140;32572.30
141;32714.83
142;32852.27
143;32992.29
144;33129.78
145;33272.26
146;33412.27
147;33552.23
148;33694.70
149;33834.72
150;33974.73
151;34119.67
152;34259.68
153;34404.67
154;34544.68
155;34689.62
156;34832.15
157;34974.62
158;35117.10
159;35262.09
160;35404.56
161;35552.07
162;35697.06
163;35839.53
164;35987.04
165;36132.03
166;36279.54
167;36424.53
168;36569.52
169;36716.97
170;36864.48
171;37009.47
172;37159.43
173;37306.94
174;37454.45
175;37604.41
176;37754.38
177;37901.89
178;38051.85
179;38201.88
180;38351.84
181;38501.81
182;38654.29
183;38804.32
184;38954.28
185;39106.77
186;39261.77
187;39414.25
188;39564.27
189;39716.76
190;39874.22
191;40026.70
192;40179.18
193;40336.70
194;40489.18
195;40644.18
196;40801.64
197;40956.64
198;41114.10
199;41269.10
200;41426.61
201;41569.09
202;41714.08
203;41861.53
204;42004.06
205;42149.05
206;42291.52
207;42439.03
208;42584.02
209;42731.47
210;42873.95
211;43021.45
212;43168.96
213;43316.41
214;43461.40
215;43608.91
216;43756.41
217;43903.86
218;44051.37
219;44201.34
220;44346.33
221;44496.35
222;44643.80
223;44793.83
224;44943.79
225;45093.82
226;45243.78
227;45393.75
228;45543.77
229;45693.74
230;45848.74
231;45998.71
232;46151.19
233;46301.21
234;46453.69
235;46608.69
236;46758.66
237;46911.14
238;47063.63
239;47221.14
240;47373.63
241;47526.11
242;47681.05
243;47836.05
244;47991.05
245;48148.57
246;48301.05
247;48455.99
248;48613.51
249;48773.49
250;48928.49
251;49085.95
252;49243.46
253;49400.92
254;49558.44
255;49715.90
256;49875.87
257;50033.39
258;50193.36
259;50355.86
260;50515.83
261;50673.35
262;50835.84
263;50995.82
264;51158.31
265;51318.28
266;51478.26
267;51640.75
268;51803.24
269;51968.25
270;52130.69
271;52293.18
272;52458.19
273;52620.68
274;52788.15
275;52953.16
276;53118.11
277;53283.12
278;53450.59
279;53618.11
280;53783.06
281;53950.59
282;54118.06
283;54288.04
284;54455.51
285;54625.50
286;54792.97
287;54960.49
288;55132.99
289;55300.46
290;55472.96
291;55642.95
292;55815.39
293;55987.89
294;56157.88
295;56332.84
296;56505.34
297;56680.36
298;56852.80
299;57027.82
300;57202.78
301;57330.27
302;57462.79
303;57592.74
304;57722.75
305;57852.75
306;57982.76
307;58112.70
308;58245.23
309;58372.71
310;58505.18
311;58632.67
312;58765.19
313;58895.14
314;59025.14
315;59157.61
316;59287.61
317;59417.62
318;59547.62
319;59680.09
320;59812.55
321;59942.56
322;60075.08
323;60205.03
324;60335.03
325;60467.50
326;60600.02
327;60730.02
328;60862.49
329;60994.96
330;61124.96
331;61259.94
332;61392.46
333;61522.47
334;61654.93
335;61787.40
336;61919.92
337;62052.38
338;62184.91
339;62317.37
340;62452.35
341;62582.36
342;62714.82
343;62849.80
344;62982.33
345;63114.79
346;63247.31
347;63382.29
348;63514.76
349;63649.74
350;63779.74
351;63914.73
352;64049.71
353;64182.23
354;64317.21
355;64452.19
356;64584.71
357;64717.18
358;64852.16
359;64987.14
360;65122.12
361;65257.16
362;65392.14
363;65527.12
364;65659.59
365;65792.11
366;65927.09
367;66062.07
368;66199.57
369;66334.55
370;66469.53
371;66604.51
372;66739.50
373;66874.48
374;67007.00
375;67146.96
376;67279.48
377;67414.46
378;67554.42
379;67686.94
380;67821.92
381;67959.42
382;68094.40
383;68231.90
384;68366.88
385;68504.38
386;68639.36
387;68779.37
388;68916.81
389;69051.79
390;69189.29
391;69326.79
392;69461.77
393;69599.27
394;69736.77
395;69874.26
396;70011.76
397;70146.74
398;70284.24
399;70421.68
400;70559.18
401;70659.21
402;70754.16
403;70849.16
404;70946.68
405;71041.68
406;71139.14
407;71234.14
408;71329.14
409;71426.61
410;71521.61
411;71616.61
412;71714.13
413;71809.07
414;71904.07
415;72001.59
416;72096.59
417;72191.54
418;72291.57
419;72386.57
420;72484.04
421;72579.04
422;72674.04
423;72771.50
424;72866.50
425;72961.50
426;73058.96
427;73153.97
428;73248.97
429;73346.49
430;73441.49
431;73538.95
432;73633.95
433;73728.95
434;73828.93
435;73923.93
436;74016.42
437;74116.39
438;74211.40
439;74306.40
440;74403.86
441;74498.86
442;74596.38
443;74691.38
444;74786.32
445;74883.84
446;74978.84
447;75073.85
448;75171.31
449;75266.31
450;75361.31
451;75458.77
452;75553.77
453;75648.77
454;75748.75
455;75843.75
456;75941.27
457;76036.27
458;76131.22
459;76228.74
460;76323.74
461;76418.74
462;76516.20
463;76611.20
464;76706.20
465;76803.67
466;76898.67
467;76993.67
468;77091.19
469;77186.13
470;77281.13
471;77381.11
472;77476.11
473;77568.60
474;77668.63
475;77763.58
476;77858.58
477;77956.10
478;78051.10
479;78146.10
480;78243.56
481;78338.56
482;78433.56
483;78531.03
484;78626.03
485;78721.03
486;78818.49
487;78913.49
488;79008.49
489;79106.01
490;79201.01
491;79295.96
492;79395.99
493;79490.94
494;79585.94
495;79683.46
496;79778.46
497;79873.40
498;79970.92
499;80065.92
500;80160.92
501;80220.92
502;80283.38
503;80340.92
504;80403.38
505;80463.37
506;80520.86
507;80583.37
508;80643.37
509;80703.37
510;80763.36
511;80820.85
512;80883.36
513;80940.84
514;81003.36
515;81060.84
516;81118.32
517;81180.83
518;81238.32
519;81295.80
520;81358.31
521;81415.79
522;81473.27
523;81535.79
524;81593.27
525;81650.81
526;81710.81
527;81768.29
528;81825.77
529;81885.77
530;81945.77
531;82003.25
532;82063.25
533;82120.73
534;82178.26
535;82235.75
536;82295.74
537;82350.71
538;82408.25
539;82465.73
540;82525.73
541;82583.21
542;82640.69
543;82695.71
544;82753.19
545;82813.19
546;82870.67
547;82925.70
548;82983.18
549;83043.18
550;83098.14
551;83155.68
552;83213.16
553;83268.13
554;83325.66
555;83383.15
556;83440.63
557;83495.65
558;83553.13
559;83608.10
560;83663.12
561;83723.11
562;83778.14
563;83833.10
564;83890.58
565;83945.61
566;84000.57
567;84058.11
568;84113.07
569;84168.10
570;84223.06
571;84278.08
572;84338.08
573;84393.05
574;84448.07
575;84503.03
576;84558.05
577;84613.02
578;84668.04
579;84723.01
580;84778.03
581;84833.05
582;84888.01
583;84943.04
584;84998.00
585;85053.02
586;85105.47
587;85160.49
588;85215.52
589;85270.48
590;85325.50
591;85377.95
592;85432.97
593;85487.99
594;85540.44
595;85595.47
596;85650.43
597;85702.94
598;85757.96
599;85812.92
600;85865.43
601;85920.45
602;85972.95
603;86027.92
604;86080.43
605;86135.39
606;86187.90
607;86237.89
608;86295.42
609;86345.41
610;86400.38
611;86452.88
612;86505.39
613;86560.35
614;86612.86
615;86665.36
616;86717.87
617;86772.89
618;86822.88
619;86875.33
620;86927.83
621;86980.34
622;87032.84
623;87085.35
624;87135.34
625;87190.30
626;87242.81
627;87295.31
628;87347.82
629;87400.33
630;87452.83
631;87500.30
632;87552.81
633;87605.31
634;87657.76
635;87707.81
636;87760.26
637;87812.76
638;87865.27
639;87915.26
640;87965.25
641;88017.75
642;88070.26
643;88120.24
644;88170.23
645;88222.74
646;88272.73
647;88325.23
648;88372.71
649;88425.21
650;88477.72
651;88527.71
652;88577.69
653;88627.68
654;88680.19
655;88727.72
656;88780.22
657;88830.21
658;88882.72
659;88930.19
660;88980.18
661;89032.68
662;89080.16
663;89130.15
664;89182.65
665;89230.18
666;89280.17
667;89332.67
668;89380.15
669;89430.14
670;89480.12
671;89527.65
672;89580.16
673;89630.15
674;89677.62
675;89727.61
676;89775.14
677;89825.13
678;89875.12
679;89922.59
680;89972.58
681;90020.11
682;90070.10
683;90120.08
684;90167.56
685;90217.60
686;90265.07
687;90315.06
688;90365.05
689;90412.58
690;90460.05
691;90507.58
692;90557.57
693;90605.04
694;90655.03
695;90700.05
696;90750.03
697;90797.51
698;90845.04
699;90892.51
700;90942.50
701;91015.02
702;91090.00
703;91162.53
704;91237.51
705;91307.46
706;91379.99
707;91454.97
708;91527.49
709;91599.96
710;91674.94
711;91747.47
712;91817.47
713;91892.46
714;91964.92
715;92039.91
716;92109.91
717;92182.44
718;92257.42
719;92327.43
720;92399.90
721;92474.88
722;92544.89
723;92617.41
724;92692.39
725;92762.34
726;92834.87
727;92904.87
728;92979.86
729;93049.86
730;93122.33
731;93192.34
732;93267.32
733;93337.33
734;93407.34
735;93482.32
736;93552.33
737;93624.79
738;93694.80
739;93767.27
740;93839.79
741;93909.80
742;93979.75
743;94054.79
744;94124.74
745;94194.75
746;94264.75
747;94334.76
748;94409.74
749;94479.75
750;94549.70
751;94619.71
752;94689.72
753;94762.18
754;94834.71
755;94904.71
756;94974.66
757;95047.19
758;95117.19
759;95187.14
760;95257.15
761;95327.16
762;95397.17
763;95469.63
764;95539.64
765;95607.13
766;95677.14
767;95747.14
768;95817.10
769;95887.10
770;95959.63
771;96029.58
772;96097.12
773;96167.07
774;96237.08
775;96307.09
776;96377.10
777;96444.59
778;96517.05
779;96587.06
780;96654.55
781;96724.56
782;96794.56
783;96862.06
784;96932.01
785;97002.01
786;97069.50
787;97139.51
788;97207.00
789;97279.53
790;97347.02
791;97416.97
792;97484.46
793;97554.46
794;97621.96
795;97691.96
796;97759.45
797;97826.94
798;97896.95
799;97964.44
800;98034.45
801;98086.95
802;98141.92
803;98194.42
804;98246.93
805;98301.89
806;98354.40
807;98409.42
808;98459.41
809;98511.92
810;98566.88
811;98619.39
812;98674.41
813;98726.86
814;98779.36
815;98834.38
816;98886.89
817;98939.34
818;98989.38
819;99044.35
820;99096.85
821;99149.36
822;99201.86
823;99254.31
824;99309.34
825;99361.84
826;99411.83
827;99464.33
828;99516.84
829;99569.29
830;99624.31
831;99676.82
832;99729.32
833;99779.31
834;99831.82
835;99884.26
836;99936.77
837;99989.28
838;100041.78
839;100091.77
840;100144.27
841;100196.78
842;100249.23
843;100301.73
844;100351.72
845;100404.23
846;100456.73
847;100509.24
848;100561.74
849;100614.25
850;100661.72
851;100714.23
852;100766.73
853;100819.18
854;100871.69
855;100921.68
856;100971.72
857;101024.17
858;101076.68
859;101126.66
860;101179.17
861;101229.16
862;101281.66
863;101331.65
864;101381.64
865;101434.15
866;101486.65
867;101534.12
868;101586.63
869;101639.14
870;101689.12
871;101739.11
872;101791.62
873;101841.61
874;101894.11
875;101941.64
876;101994.09
877;102046.60
878;102096.58
879;102146.57
880;102196.62
881;102249.07
882;102296.60
883;102349.10
884;102399.09
885;102451.60
886;102499.07
887;102549.06
888;102601.56
889;102649.04
890;102701.54
891;102751.53
892;102799.06
893;102851.56
894;102901.55
895;102954.06
896;103001.53
897;103051.52
898;103104.03
899;103151.50
900;103201.49
901;103249.02
902;103301.52
903;103351.51
904;103398.98
905;103448.97
906;103501.48
907;103549.01
908;103598.99
909;103648.98
910;103696.46
911;103746.45
912;103798.95
913;103846.48
914;103896.47
915;103943.94
916;103993.93
917;104043.92
918;104091.45
919;104141.44
920;104188.91
921;104238.90
922;104291.40
923;104338.93
924;104388.92
925;104438.91
926;104486.38
927;104536.43
928;104583.90
929;104631.37
930;104678.90
931;104728.89
932;104778.88
933;104826.35
934;104876.40
935;104923.87
936;104973.86
937;105023.85
938;105071.38
939;105118.85
940;105166.32
941;105216.37
942;105263.84
943;105313.83
944;105358.84
945;105408.83
946;105458.82
947;105506.35
948;105556.34
949;105601.29
950;105651.28
951;105698.81
952;105746.28
953;105793.81
954;105843.80
955;105888.81
956;105938.80
957;105986.28
958;106033.81
959;106081.28
960;106131.27
961;106176.28
962;106226.27
963;106276.26
964;106321.27
965;106371.26
966;106416.27
967;106466.26
968;106511.22
969;106561.26
970;106608.73
971;106656.21
972;106703.74
973;106751.21
974;106798.74
975;106843.69
976;106893.68
977;106938.70
978;106988.68
979;107033.70
980;107081.17
981;107128.70
982;107176.17
983;107223.70
984;107271.17
985;107316.18
986;107366.17
987;107411.19
988;107456.14
989;107506.13
990;107551.14
991;107598.67
992;107646.15
993;107693.62
994;107738.63
995;107788.62
996;107833.63
997;107881.11
998;107926.12
999;107976.11
1000;108021.12
1001;108078.60
1002;108136.08
1003;108196.08
1004;108253.62
1005;108311.10
1006;108366.07
1007;108426.06
1008;108483.60
1051;110918.36
1052;110973.38
1053;111028.34
1054;111083.36
1055;111138.39
1056;111193.35
1057;111248.37
1058;111303.34
1101;113628.16
1102;113680.67
1103;113733.17
1104;113783.16
1105;113838.13
1106;113890.63
1107;113943.14
1108;113995.64
1151;116212.94
1152;116265.44
1153;116312.92
1154;116365.42
1155;116415.41
1156;116465.40
1157;116515.39
1158;116567.89
1201;118682.75
1202;118732.74
1203;118782.73
1204;118827.74
1205;118877.73
1206;118925.21
1207;118970.22
1208;119020.21
